wk_full,wk,id,bundesland_de,bundesland_en,col,row,id_num,winner_first_de,winner_first_en,follow_first_de,follow_first_en,winner_first_percent,follow_first_percent,difference_first_percent,winner_second_de,winner_second_en,follow_second_de,follow_second_en,winner_second_percent,follow_second_percent,difference_second_percent
001 Flensburg – Schleswig,Flensburg – Schleswig,001,Schleswig-Holstein,Schleswig-Holstein,11,1,1,Bündnis 90/Die Grünen,Alliance 90/The Greens,CDU,CDU,28.1,23.4,4.700000000000003,SPD,SPD,CDU,CDU,25.5,20.4,5.100000000000001
002 Nordfriesland – Dithmarschen Nord,Nordfriesland – Dithmarschen Nord,002,Schleswig-Holstein,Schleswig-Holstein,10,1,2,CDU,CDU,SPD,SPD,30.4,27.8,2.599999999999998,SPD,SPD,CDU,CDU,26.3,24.6,1.6999999999999993
003 Steinburg – Dithmarschen Süd,Steinburg – Dithmarschen Süd,003,Schleswig-Holstein,Schleswig-Holstein,10,2,3,CDU,CDU,SPD,SPD,29.2,29.2,0,SPD,SPD,CDU,CDU,27.7,24.3,3.3999999999999986
004 Rendsburg-Eckernförde,Rendsburg-Eckernförde,004,Schleswig-Holstein,Schleswig-Holstein,11,2,4,SPD,SPD,CDU,CDU,30.8,29.7,1.1000000000000014,SPD,SPD,CDU,CDU,26.8,23.9,2.900000000000002
005 Kiel,Kiel,005,Schleswig-Holstein,Schleswig-Holstein,12,2,5,SPD,SPD,Bündnis 90/Die Grünen,Alliance 90/The Greens,29.5,28.1,1.3999999999999986,Bündnis 90/Die Grünen,Alliance 90/The Greens,SPD,SPD,28.4,26,2.3999999999999986
006 Plön – Neumünster,Plön – Neumünster,006,Schleswig-Holstein,Schleswig-Holstein,12,3,6,SPD,SPD,CDU,CDU,31.4,27.9,3.5,SPD,SPD,CDU,CDU,29.2,22.9,6.300000000000001
007 Pinneberg,Pinneberg,007,Schleswig-Holstein,Schleswig-Holstein,11,3,7,SPD,SPD,CDU,CDU,31.3,26.1,5.199999999999999,SPD,SPD,CDU,CDU,29.3,22,7.300000000000001
008 Segeberg – Stormarn-Mitte,Segeberg – Stormarn-Mitte,008,Schleswig-Holstein,Schleswig-Holstein,13,4,8,SPD,SPD,CDU,CDU,32,27.9,4.100000000000001,SPD,SPD,CDU,CDU,28.6,22.3,6.300000000000001
009 Ostholstein – Stormarn-Nord,Ostholstein – Stormarn-Nord,009,Schleswig-Holstein,Schleswig-Holstein,13,3,9,SPD,SPD,CDU,CDU,33.7,30.3,3.400000000000002,SPD,SPD,CDU,CDU,30,25.1,4.899999999999999
010 Herzogtum Lauenburg – Stormarn-Süd,Herzogtum Lauenburg – Stormarn-Süd,010,Schleswig-Holstein,Schleswig-Holstein,14,5,10,SPD,SPD,CDU,CDU,31,26.5,4.5,SPD,SPD,CDU,CDU,28.8,23.2,5.600000000000001
011 Lübeck,Lübeck,011,Schleswig-Holstein,Schleswig-Holstein,14,4,11,SPD,SPD,Bündnis 90/Die Grünen,Alliance 90/The Greens,34.4,22.1,12.299999999999997,SPD,SPD,Bündnis 90/Die Grünen,Alliance 90/The Greens,30.7,23,7.699999999999999
012 Schwerin – Ludwigslust-Parchim I – Nordwestmecklenburg I,Schwerin – Ludwigslust-Parchim I – Nordwestmecklenburg I,012,Mecklenburg-Vorpommern,Mecklenburg-Western Pomerania,14,6,12,SPD,SPD,CDU,CDU,29.4,20.7,8.7,SPD,SPD,CDU,CDU,32,17.2,14.8
013 Ludwigslust-Parchim II – Nordwestmecklenburg II – Landkreis Rostock I,Ludwigslust-Parchim II – Nordwestmecklenburg II – Landkreis Rostock I,013,Mecklenburg-Vorpommern,Mecklenburg-Western Pomerania,15,5,13,SPD,SPD,CDU,CDU,35.2,18.2,17.000000000000004,SPD,SPD,AfD,AfD,32.5,17.1,15.399999999999999
014 Rostock – Landkreis Rostock II,Rostock – Landkreis Rostock II,014,Mecklenburg-Vorpommern,Mecklenburg-Western Pomerania,15,4,14,SPD,SPD,Die Linke,The Left,27,18.2,8.8,SPD,SPD,CDU,CDU,29,14.2,14.8
015 Vorpommern-Rügen – Vorpommern-Greifswald I,Vorpommern-Rügen – Vorpommern-Greifswald I,015,Mecklenburg-Vorpommern,Mecklenburg-Western Pomerania,16,4,15,SPD,SPD,CDU,CDU,24.3,20.4,3.900000000000002,SPD,SPD,AfD,AfD,25.1,18.9,6.200000000000003
016 Mecklenburgische Seenplatte I – Vorpommern-Greifswald II,Mecklenburgische Seenplatte I – Vorpommern-Greifswald II,016,Mecklenburg-Vorpommern,Mecklenburg-Western Pomerania,17,5,16,SPD,SPD,AfD,AfD,24.8,24.3,0.5,SPD,SPD,AfD,AfD,26.7,23.2,3.5
017 Mecklenburgische Seenplatte II – Landkreis Rostock III,Mecklenburgische Seenplatte II – Landkreis Rostock III,017,Mecklenburg-Vorpommern,Mecklenburg-Western Pomerania,16,5,17,SPD,SPD,AfD,AfD,31.1,21.6,9.5,SPD,SPD,AfD,AfD,29.9,20.9,9
018 Hamburg-Mitte,Hamburg-Mitte,018,Hamburg,Hamburg,13,5,18,SPD,SPD,Bündnis 90/Die Grünen,Alliance 90/The Greens,33.2,26,7.200000000000003,SPD,SPD,Bündnis 90/Die Grünen,Alliance 90/The Greens,28.6,27.9,0.7000000000000028
019 Hamburg-Altona,Hamburg-Altona,019,Hamburg,Hamburg,12,5,19,Bündnis 90/Die Grünen,Alliance 90/The Greens,SPD,SPD,29.6,28.6,1,Bündnis 90/Die Grünen,Alliance 90/The Greens,SPD,SPD,30.3,25.6,4.699999999999999
020 Hamburg-Eimsbüttel,Hamburg-Eimsbüttel,020,Hamburg,Hamburg,11,5,20,Bündnis 90/Die Grünen,Alliance 90/The Greens,SPD,SPD,29.9,29.6,0.29999999999999716,Bündnis 90/Die Grünen,Alliance 90/The Greens,SPD,SPD,29.9,28,1.8999999999999986
021 Hamburg-Nord,Hamburg-Nord,021,Hamburg,Hamburg,11,4,21,SPD,SPD,Bündnis 90/Die Grünen,Alliance 90/The Greens,30.7,25.7,5,SPD,SPD,Bündnis 90/Die Grünen,Alliance 90/The Greens,27.9,25.2,2.6999999999999993
022 Hamburg-Wandsbek,Hamburg-Wandsbek,022,Hamburg,Hamburg,12,4,22,SPD,SPD,CDU,CDU,38.7,19.2,19.500000000000004,SPD,SPD,Bündnis 90/Die Grünen,Alliance 90/The Greens,34.3,18.6,15.699999999999996
023 Hamburg-Bergedorf – Harburg,Hamburg-Bergedorf – Harburg,023,Hamburg,Hamburg,12,6,23,SPD,SPD,CDU,CDU,39.3,16.9,22.4,SPD,SPD,Bündnis 90/Die Grünen,Alliance 90/The Greens,33.5,17.8,15.7
024 Aurich – Emden,Aurich – Emden,024,Niedersachsen,Lower Saxony,6,3,24,SPD,SPD,CDU,CDU,52.8,17.7,35.099999999999994,SPD,SPD,CDU,CDU,43.3,17.7,25.599999999999998
025 Unterems,Unterems,025,Niedersachsen,Lower Saxony,6,4,25,CDU,CDU,SPD,SPD,44.4,28.5,15.899999999999999,SPD,SPD,CDU,CDU,34,29.9,4.100000000000001
026 Friesland – Wilhelmshaven – Wittmund,Friesland – Wilhelmshaven – Wittmund,026,Niedersachsen,Lower Saxony,7,3,26,SPD,SPD,CDU,CDU,45.4,22,23.4,SPD,SPD,CDU,CDU,38,21.5,16.5
027 Oldenburg – Ammerland,Oldenburg – Ammerland,027,Niedersachsen,Lower Saxony,7,4,27,SPD,SPD,Bündnis 90/Die Grünen,Alliance 90/The Greens,38.2,20.4,17.800000000000004,SPD,SPD,Bündnis 90/Die Grünen,Alliance 90/The Greens,32,23.7,8.3
028 Delmenhorst – Wesermarsch – Oldenburg-Land,Delmenhorst – Wesermarsch – Oldenburg-Land,028,Niedersachsen,Lower Saxony,8,4,28,SPD,SPD,CDU,CDU,36.7,24.9,11.800000000000004,SPD,SPD,CDU,CDU,34.3,22.6,11.699999999999996
029 Cuxhaven – Stade II,Cuxhaven – Stade II,029,Niedersachsen,Lower Saxony,10,3,29,SPD,SPD,CDU,CDU,36.8,30.1,6.699999999999996,SPD,SPD,CDU,CDU,35,26.2,8.8
030 Stade I – Rotenburg II,Stade I – Rotenburg II,030,Niedersachsen,Lower Saxony,9,4,30,CDU,CDU,SPD,SPD,34.6,31.7,2.900000000000002,SPD,SPD,CDU,CDU,32,26.5,5.5
031 Mittelems,Mittelems,031,Niedersachsen,Lower Saxony,6,5,31,CDU,CDU,SPD,SPD,40.5,29.2,11.3,CDU,CDU,SPD,SPD,33.8,30.9,2.8999999999999986
032 Cloppenburg – Vechta,Cloppenburg – Vechta,032,Niedersachsen,Lower Saxony,8,5,32,CDU,CDU,SPD,SPD,49,20.9,28.1,CDU,CDU,SPD,SPD,38.4,24.8,13.599999999999998
033 Diepholz – Nienburg I,Diepholz – Nienburg I,033,Niedersachsen,Lower Saxony,10,6,33,CDU,CDU,SPD,SPD,33.8,31.9,1.8999999999999986,SPD,SPD,CDU,CDU,33,25.3,7.699999999999999
034 Osterholz – Verden,Osterholz – Verden,034,Niedersachsen,Lower Saxony,10,4,34,CDU,CDU,SPD,SPD,33.7,32.5,1.2000000000000028,SPD,SPD,CDU,CDU,32.9,24.1,8.799999999999997
035 Rotenburg I – Heidekreis,Rotenburg I – Heidekreis,035,Niedersachsen,Lower Saxony,11,6,35,SPD,SPD,CDU,CDU,47.6,26.4,21.200000000000003,SPD,SPD,CDU,CDU,34.8,25.1,9.699999999999996
036 Harburg,Harburg,036,Niedersachsen,Lower Saxony,10,5,36,SPD,SPD,CDU,CDU,31,29.1,1.8999999999999986,SPD,SPD,CDU,CDU,29.1,24.8,4.300000000000001
037 Lüchow-Dannenberg – Lüneburg,Lüchow-Dannenberg – Lüneburg,037,Niedersachsen,Lower Saxony,13,6,37,SPD,SPD,Bündnis 90/Die Grünen,Alliance 90/The Greens,28.2,25.1,3.099999999999998,SPD,SPD,Bündnis 90/Die Grünen,Alliance 90/The Greens,29.9,22.1,7.799999999999997
038 Osnabrück-Land,Osnabrück-Land,038,Niedersachsen,Lower Saxony,7,5,38,CDU,CDU,SPD,SPD,36.2,29.7,6.5000000000000036,SPD,SPD,CDU,CDU,32.1,28.5,3.6000000000000014
039 Stadt Osnabrück,Stadt Osnabrück,039,Niedersachsen,Lower Saxony,8,6,39,SPD,SPD,CDU,CDU,30.3,29.2,1.1000000000000014,SPD,SPD,Bündnis 90/Die Grünen,Alliance 90/The Greens,30.3,23.3,7
040 Nienburg II – Schaumburg,Nienburg II – Schaumburg,040,Niedersachsen,Lower Saxony,9,7,40,SPD,SPD,CDU,CDU,35.3,30.9,4.399999999999999,SPD,SPD,CDU,CDU,34.9,24,10.899999999999999
041 Stadt Hannover I,Stadt Hannover I,041,Niedersachsen,Lower Saxony,10,7,41,SPD,SPD,Bündnis 90/Die Grünen,Alliance 90/The Greens,34.9,21.8,13.099999999999998,SPD,SPD,Bündnis 90/Die Grünen,Alliance 90/The Greens,31,23.8,7.199999999999999
042 Stadt Hannover II,Stadt Hannover II,042,Niedersachsen,Lower Saxony,11,8,42,SPD,SPD,Bündnis 90/Die Grünen,Alliance 90/The Greens,32.9,26.5,6.399999999999999,Bündnis 90/Die Grünen,Alliance 90/The Greens,SPD,SPD,29.5,28.2,1.3000000000000007
043 Hannover-Land I,Hannover-Land I,043,Niedersachsen,Lower Saxony,11,7,43,SPD,SPD,CDU,CDU,33.7,31.9,1.8000000000000043,SPD,SPD,CDU,CDU,32.1,25.8,6.300000000000001
044 Celle – Uelzen,Celle – Uelzen,044,Niedersachsen,Lower Saxony,12,7,44,CDU,CDU,SPD,SPD,32.9,32.3,0.6000000000000014,SPD,SPD,CDU,CDU,30.8,26.1,4.699999999999999
045 Gifhorn – Peine,Gifhorn – Peine,045,Niedersachsen,Lower Saxony,12,8,45,SPD,SPD,CDU,CDU,43.7,24.4,19.300000000000004,SPD,SPD,CDU,CDU,35.7,23,12.700000000000003
046 Hameln-Pyrmont – Holzminden,Hameln-Pyrmont – Holzminden,046,Niedersachsen,Lower Saxony,9,8,46,SPD,SPD,CDU,CDU,43.2,25.5,17.700000000000003,SPD,SPD,CDU,CDU,36.8,22.6,14.199999999999996
047 Hannover-Land II,Hannover-Land II,047,Niedersachsen,Lower Saxony,10,8,47,SPD,SPD,CDU,CDU,40.7,25.5,15.200000000000003,SPD,SPD,CDU,CDU,34.6,22.7,11.900000000000002
048 Hildesheim,Hildesheim,048,Niedersachsen,Lower Saxony,10,9,48,SPD,SPD,CDU,CDU,38.6,25.8,12.8,SPD,SPD,CDU,CDU,34.7,22.8,11.900000000000002
049 Salzgitter – Wolfenbüttel,Salzgitter – Wolfenbüttel,049,Niedersachsen,Lower Saxony,11,9,49,SPD,SPD,CDU,CDU,38.6,27.2,11.400000000000002,SPD,SPD,CDU,CDU,36.6,23,13.600000000000001
050 Braunschweig,Braunschweig,050,Niedersachsen,Lower Saxony,12,9,50,SPD,SPD,CDU,CDU,36.7,22.4,14.300000000000004,SPD,SPD,Bündnis 90/Die Grünen,Alliance 90/The Greens,30.4,24,6.399999999999999
051 Helmstedt – Wolfsburg,Helmstedt – Wolfsburg,051,Niedersachsen,Lower Saxony,13,7,51,SPD,SPD,CDU,CDU,42.1,26.6,15.5,SPD,SPD,CDU,CDU,35.1,24.6,10.5
052 Goslar – Northeim – Osterode,Goslar – Northeim – Osterode,052,Niedersachsen,Lower Saxony,12,10,52,SPD,SPD,CDU,CDU,36.7,33.2,3.5,SPD,SPD,CDU,CDU,37.9,23.6,14.299999999999997
053 Göttingen,Göttingen,053,Niedersachsen,Lower Saxony,11,10,53,SPD,SPD,CDU,CDU,32.2,26.9,5.300000000000004,SPD,SPD,CDU,CDU,31.9,21.6,10.299999999999997
054 Bremen I,Bremen I,054,Bremen,Bremen,9,6,54,SPD,SPD,Bündnis 90/Die Grünen,Alliance 90/The Greens,30.2,21.5,8.7,SPD,SPD,Bündnis 90/Die Grünen,Alliance 90/The Greens,28.9,23.9,5
055 Bremen II – Bremerhaven,Bremen II – Bremerhaven,055,Bremen,Bremen,9,5,55,SPD,SPD,CDU,CDU,37,20.1,16.9,SPD,SPD,CDU,CDU,34.8,16.9,17.9
056 Prignitz – Ostprignitz-Ruppin – Havelland I,Prignitz – Ostprignitz-Ruppin – Havelland I,056,Brandenburg,Brandenburg,15,6,56,SPD,SPD,AfD,AfD,33,19.7,13.3,SPD,SPD,AfD,AfD,34,19.2,14.8
057 Uckermark – Barnim I,Uckermark – Barnim I,057,Brandenburg,Brandenburg,17,6,57,SPD,SPD,AfD,AfD,29.6,20.3,9.3,SPD,SPD,AfD,AfD,31.4,19.9,11.5
058 Oberhavel – Havelland II,Oberhavel – Havelland II,058,Brandenburg,Brandenburg,16,6,58,SPD,SPD,CDU,CDU,26.3,20.8,5.5,SPD,SPD,CDU,CDU,28.6,17.3,11.3
059 Märkisch-Oderland – Barnim II,Märkisch-Oderland – Barnim II,059,Brandenburg,Brandenburg,17,7,59,SPD,SPD,CDU,CDU,24.7,23.4,1.3000000000000007,SPD,SPD,AfD,AfD,27.9,18.2,9.7
060 Brandenburg an der Havel – Potsdam-Mittelmark I – Havelland III – Teltow-Fläming I,Brandenburg an der Havel – Potsdam-Mittelmark I – Havelland III – Teltow-Fläming I,060,Brandenburg,Brandenburg,14,10,60,SPD,SPD,CDU,CDU,32.1,20.1,12,SPD,SPD,AfD,AfD,33.3,16.4,16.9
061 Potsdam – Potsdam-Mittelmark II – Teltow-Fläming II,Potsdam – Potsdam-Mittelmark II – Teltow-Fläming II,061,Brandenburg,Brandenburg,15,10,61,SPD,SPD,Bündnis 90/Die Grünen,Alliance 90/The Greens,34,18.8,15.2,SPD,SPD,Bündnis 90/Die Grünen,Alliance 90/The Greens,27,19,8
062 Dahme-Spreewald – Teltow-Fläming III – Oberspreewald-Lausitz I,Dahme-Spreewald – Teltow-Fläming III – Oberspreewald-Lausitz I,062,Brandenburg,Brandenburg,16,10,62,SPD,SPD,CDU,CDU,26.5,19.9,6.600000000000001,SPD,SPD,AfD,AfD,28.5,17.9,10.600000000000001
063 Frankfurt (Oder) – Oder-Spree,Frankfurt (Oder) – Oder-Spree,063,Brandenburg,Brandenburg,17,8,63,SPD,SPD,AfD,AfD,28,21.5,6.5,SPD,SPD,AfD,AfD,29.5,20.2,9.3
064 Cottbus – Spree-Neiße,Cottbus – Spree-Neiße,064,Brandenburg,Brandenburg,17,11,64,SPD,SPD,AfD,AfD,27.6,25.7,1.9000000000000021,SPD,SPD,AfD,AfD,28.5,24.3,4.199999999999999
065 Elbe-Elster – Oberspreewald-Lausitz II,Elbe-Elster – Oberspreewald-Lausitz II,065,Brandenburg,Brandenburg,16,11,65,SPD,SPD,AfD,AfD,25.4,25,0.3999999999999986,SPD,SPD,AfD,AfD,28.2,25.2,3
066 Altmark,Altmark,066,Sachsen-Anhalt,Saxony-Anhalt,13,9,66,SPD,SPD,CDU,CDU,27.5,21.8,5.699999999999999,SPD,SPD,CDU,CDU,27.4,20.9,6.5
067 Börde – Jerichower Land,Börde – Jerichower Land,067,Sachsen-Anhalt,Saxony-Anhalt,13,10,67,SPD,SPD,CDU,CDU,26.2,25,1.1999999999999993,SPD,SPD,CDU,CDU,26.6,22.3,4.300000000000001
068 Harz,Harz,068,Sachsen-Anhalt,Saxony-Anhalt,12,11,68,CDU,CDU,SPD,SPD,27.7,25.4,2.3000000000000007,SPD,SPD,CDU,CDU,27.2,22.3,4.899999999999999
069 Magdeburg,Magdeburg,069,Sachsen-Anhalt,Saxony-Anhalt,13,11,69,SPD,SPD,CDU,CDU,25.3,22,3.3000000000000007,SPD,SPD,CDU,CDU,26.4,18.5,7.899999999999999
070 Dessau – Wittenberg,Dessau – Wittenberg,070,Sachsen-Anhalt,Saxony-Anhalt,15,11,70,CDU,CDU,SPD,SPD,34.3,19.5,14.799999999999997,SPD,SPD,CDU,CDU,26.2,23.5,2.6999999999999993
071 Anhalt,Anhalt,071,Sachsen-Anhalt,Saxony-Anhalt,14,11,71,AfD,AfD,CDU,CDU,24.2,23.5,0.6999999999999993,SPD,SPD,AfD,AfD,24,22.6,1.3999999999999986
072 Halle,Halle,072,Sachsen-Anhalt,Saxony-Anhalt,13,12,72,SPD,SPD,CDU,CDU,28.8,20.7,8.100000000000001,SPD,SPD,CDU,CDU,23.6,17.9,5.700000000000003
073 Burgenland – Saalekreis,Burgenland – Saalekreis,073,Sachsen-Anhalt,Saxony-Anhalt,12,13,73,CDU,CDU,AfD,AfD,26.3,26,0.3000000000000007,AfD,AfD,SPD,SPD,24.9,22.8,2.099999999999998
074 Mansfeld,Mansfeld,074,Sachsen-Anhalt,Saxony-Anhalt,12,12,74,AfD,AfD,CDU,CDU,25.1,24.9,0.20000000000000284,SPD,SPD,AfD,AfD,24.4,23.9,0.5
075 Berlin-Mitte,Berlin-Mitte,075,Berlin,Berlin,14,8,75,Bündnis 90/Die Grünen,Alliance 90/The Greens,SPD,SPD,30.5,22.7,7.800000000000001,Bündnis 90/Die Grünen,Alliance 90/The Greens,SPD,SPD,30.7,21.4,9.3
076 Berlin-Pankow,Berlin-Pankow,076,Berlin,Berlin,16,7,76,Bündnis 90/Die Grünen,Alliance 90/The Greens,SPD,SPD,25.5,21.5,4,Bündnis 90/Die Grünen,Alliance 90/The Greens,SPD,SPD,26.4,22,4.399999999999999
077 Berlin-Reinickendorf,Berlin-Reinickendorf,077,Berlin,Berlin,15,7,77,CDU,CDU,SPD,SPD,27.2,25.8,1.3999999999999986,SPD,SPD,CDU,CDU,25,24.1,0.8999999999999986
078 Berlin-Spandau – Charlottenburg Nord,Berlin-Spandau – Charlottenburg Nord,078,Berlin,Berlin,14,7,78,SPD,SPD,CDU,CDU,32.8,23.5,9.299999999999997,SPD,SPD,CDU,CDU,27.8,21.3,6.5
079 Berlin-Steglitz-Zehlendorf,Berlin-Steglitz-Zehlendorf,079,Berlin,Berlin,14,9,79,CDU,CDU,SPD,SPD,28,24.9,3.1000000000000014,SPD,SPD,CDU,CDU,24.5,22.9,1.6000000000000014
080 Berlin-Charlottenburg-Wilmersdorf,Berlin-Charlottenburg-Wilmersdorf,080,Berlin,Berlin,13,8,80,SPD,SPD,Bündnis 90/Die Grünen,Alliance 90/The Greens,27.9,24.4,3.5,Bündnis 90/Die Grünen,Alliance 90/The Greens,SPD,SPD,26.3,24.1,2.1999999999999993
081 Berlin-Tempelhof-Schöneberg,Berlin-Tempelhof-Schöneberg,081,Berlin,Berlin,15,9,81,SPD,SPD,Bündnis 90/Die Grünen,Alliance 90/The Greens,27.1,25.1,2,Bündnis 90/Die Grünen,Alliance 90/The Greens,SPD,SPD,25.2,24.8,0.3999999999999986
082 Berlin-Neukölln,Berlin-Neukölln,082,Berlin,Berlin,16,9,82,SPD,SPD,Bündnis 90/Die Grünen,Alliance 90/The Greens,26,19.9,6.100000000000001,SPD,SPD,Bündnis 90/Die Grünen,Alliance 90/The Greens,24.1,22.7,1.4000000000000021
083 Berlin-Friedrichshain-Kreuzberg – Prenzlauer Berg Ost,Berlin-Friedrichshain-Kreuzberg – Prenzlauer Berg Ost,083,Berlin,Berlin,15,8,83,Bündnis 90/Die Grünen,Alliance 90/The Greens,Die Linke,The Left,37.8,17.7,20.099999999999998,Bündnis 90/Die Grünen,Alliance 90/The Greens,SPD,SPD,36.7,19.2,17.500000000000004
084 Berlin-Treptow-Köpenick,Berlin-Treptow-Köpenick,084,Berlin,Berlin,17,10,84,Die Linke,The Left,SPD,SPD,35.4,15.4,20,SPD,SPD,Bündnis 90/Die Grünen,Alliance 90/The Greens,23.4,16.1,7.299999999999997
085 Berlin-Marzahn-Hellersdorf,Berlin-Marzahn-Hellersdorf,085,Berlin,Berlin,17,9,85,CDU,CDU,Die Linke,The Left,29.4,21.9,7.5,SPD,SPD,AfD,AfD,23.4,16.9,6.5
086 Berlin-Lichtenberg,Berlin-Lichtenberg,086,Berlin,Berlin,16,8,86,Die Linke,The Left,SPD,SPD,25.8,19.6,6.199999999999999,SPD,SPD,Die Linke,The Left,23.2,18.2,5
087 Aachen I,Aachen I,087,Nordrhein-Westfalen,North Rhine-Westphalia,1,13,87,Bündnis 90/Die Grünen,Alliance 90/The Greens,CDU,CDU,30.2,25.6,4.599999999999998,Bündnis 90/Die Grünen,Alliance 90/The Greens,CDU,CDU,29,22.8,6.199999999999999
088 Aachen II,Aachen II,088,Nordrhein-Westfalen,North Rhine-Westphalia,2,13,88,SPD,SPD,CDU,CDU,34.5,32.5,2,SPD,SPD,CDU,CDU,31.6,29.5,2.1000000000000014
089 Heinsberg,Heinsberg,089,Nordrhein-Westfalen,North Rhine-Westphalia,1,12,89,CDU,CDU,SPD,SPD,39.7,25.9,13.800000000000004,CDU,CDU,SPD,SPD,32.3,27,5.299999999999997
090 Düren,Düren,090,Nordrhein-Westfalen,North Rhine-Westphalia,3,13,90,CDU,CDU,SPD,SPD,36.7,30.8,5.900000000000002,CDU,CDU,SPD,SPD,30.4,29,1.3999999999999986
091 Rhein-Erft-Kreis I,Rhein-Erft-Kreis I,091,Nordrhein-Westfalen,North Rhine-Westphalia,2,12,91,CDU,CDU,SPD,SPD,33,30.5,2.5,CDU,CDU,SPD,SPD,28.5,28.3,0.1999999999999993
092 Euskirchen – Rhein-Erft-Kreis II,Euskirchen – Rhein-Erft-Kreis II,092,Nordrhein-Westfalen,North Rhine-Westphalia,2,14,92,CDU,CDU,SPD,SPD,34.6,26.6,8,CDU,CDU,SPD,SPD,30.4,26.6,3.799999999999997
093 Köln I,Köln I,093,Nordrhein-Westfalen,North Rhine-Westphalia,4,14,93,SPD,SPD,Bündnis 90/Die Grünen,Alliance 90/The Greens,27.9,23.9,4,SPD,SPD,Bündnis 90/Die Grünen,Alliance 90/The Greens,26.4,23.9,2.5
094 Köln II,Köln II,094,Nordrhein-Westfalen,North Rhine-Westphalia,3,14,94,Bündnis 90/Die Grünen,Alliance 90/The Greens,CDU,CDU,34.6,25,9.600000000000001,Bündnis 90/Die Grünen,Alliance 90/The Greens,SPD,SPD,31.9,21.1,10.799999999999997
095 Köln III,Köln III,095,Nordrhein-Westfalen,North Rhine-Westphalia,4,13,95,SPD,SPD,Bündnis 90/Die Grünen,Alliance 90/The Greens,29.9,28.3,1.5999999999999979,Bündnis 90/Die Grünen,Alliance 90/The Greens,SPD,SPD,28.8,25.8,3
096 Bonn,Bonn,096,Nordrhein-Westfalen,North Rhine-Westphalia,3,15,96,Bündnis 90/Die Grünen,Alliance 90/The Greens,SPD,SPD,25.2,25.1,0.09999999999999787,Bündnis 90/Die Grünen,Alliance 90/The Greens,SPD,SPD,27.2,22.6,4.599999999999998
097 Rhein-Sieg-Kreis I,Rhein-Sieg-Kreis I,097,Nordrhein-Westfalen,North Rhine-Westphalia,4,15,97,CDU,CDU,SPD,SPD,32.6,28.5,4.100000000000001,CDU,CDU,SPD,SPD,27.6,26.5,1.1000000000000014
098 Rhein-Sieg-Kreis II,Rhein-Sieg-Kreis II,098,Nordrhein-Westfalen,North Rhine-Westphalia,2,15,98,CDU,CDU,SPD,SPD,40,23.4,16.6,CDU,CDU,SPD,SPD,29.5,23.8,5.699999999999999
099 Oberbergischer Kreis,Oberbergischer Kreis,099,Nordrhein-Westfalen,North Rhine-Westphalia,5,15,99,CDU,CDU,SPD,SPD,33.9,26.8,7.099999999999998,CDU,CDU,SPD,SPD,27.7,26.7,1
100 Rheinisch-Bergischer Kreis,Rheinisch-Bergischer Kreis,100,Nordrhein-Westfalen,North Rhine-Westphalia,5,14,100,CDU,CDU,SPD,SPD,30,22.7,7.300000000000001,CDU,CDU,SPD,SPD,27.4,25.2,2.1999999999999993
101 Leverkusen – Köln IV,Leverkusen – Köln IV,101,Nordrhein-Westfalen,North Rhine-Westphalia,5,13,101,SPD,SPD,CDU,CDU,45.6,20.4,25.200000000000003,SPD,SPD,CDU,CDU,29.1,21.7,7.400000000000002
102 Wuppertal I,Wuppertal I,102,Nordrhein-Westfalen,North Rhine-Westphalia,5,12,102,SPD,SPD,CDU,CDU,37.3,22,15.299999999999997,SPD,SPD,CDU,CDU,29.2,21,8.2
103 Solingen – Remscheid – Wuppertal II,Solingen – Remscheid – Wuppertal II,103,Nordrhein-Westfalen,North Rhine-Westphalia,6,13,103,SPD,SPD,CDU,CDU,32.6,27.6,5,SPD,SPD,CDU,CDU,29.7,24.3,5.399999999999999
104 Mettmann I,Mettmann I,104,Nordrhein-Westfalen,North Rhine-Westphalia,4,12,104,CDU,CDU,SPD,SPD,30,24.9,5.100000000000001,CDU,CDU,SPD,SPD,27.4,26.8,0.5999999999999979
105 Mettmann II,Mettmann II,105,Nordrhein-Westfalen,North Rhine-Westphalia,3,12,105,CDU,CDU,SPD,SPD,31.3,30.7,0.6000000000000014,SPD,SPD,CDU,CDU,28,27.1,0.8999999999999986
106 Düsseldorf I,Düsseldorf I,106,Nordrhein-Westfalen,North Rhine-Westphalia,2,11,106,CDU,CDU,SPD,SPD,31.1,22.4,8.700000000000003,CDU,CDU,Bündnis 90/Die Grünen,Alliance 90/The Greens,25.8,22.6,3.1999999999999993
107 Düsseldorf II,Düsseldorf II,107,Nordrhein-Westfalen,North Rhine-Westphalia,3,11,107,SPD,SPD,CDU,CDU,29.2,24.7,4.5,SPD,SPD,CDU,CDU,25.2,22.4,2.8000000000000007
108 Neuss I,Neuss I,108,Nordrhein-Westfalen,North Rhine-Westphalia,1,11,108,CDU,CDU,SPD,SPD,35.8,32,3.799999999999997,CDU,CDU,SPD,SPD,29.9,27.2,2.6999999999999993
109 Mönchengladbach,Mönchengladbach,109,Nordrhein-Westfalen,North Rhine-Westphalia,2,10,109,CDU,CDU,SPD,SPD,35.6,29.3,6.300000000000001,CDU,CDU,SPD,SPD,28.5,27.2,1.3000000000000007
110 Krefeld I – Neuss II,Krefeld I – Neuss II,110,Nordrhein-Westfalen,North Rhine-Westphalia,3,10,110,CDU,CDU,SPD,SPD,33.4,25.5,7.899999999999999,CDU,CDU,SPD,SPD,29.5,25.5,4
111 Viersen,Viersen,111,Nordrhein-Westfalen,North Rhine-Westphalia,2,9,111,CDU,CDU,SPD,SPD,35.8,27.6,8.199999999999996,CDU,CDU,SPD,SPD,30.4,26.7,3.6999999999999993
112 Kleve,Kleve,112,Nordrhein-Westfalen,North Rhine-Westphalia,3,8,112,CDU,CDU,SPD,SPD,37.6,28.4,9.200000000000003,CDU,CDU,SPD,SPD,32.3,28.2,4.099999999999998
113 Wesel I,Wesel I,113,Nordrhein-Westfalen,North Rhine-Westphalia,3,9,113,SPD,SPD,CDU,CDU,34.2,29.8,4.400000000000002,SPD,SPD,CDU,CDU,33.4,26.7,6.699999999999999
114 Krefeld II – Wesel II,Krefeld II – Wesel II,114,Nordrhein-Westfalen,North Rhine-Westphalia,4,8,114,SPD,SPD,CDU,CDU,35.2,28.4,6.800000000000004,SPD,SPD,CDU,CDU,31.8,24.7,7.100000000000001
115 Duisburg I,Duisburg I,115,Nordrhein-Westfalen,North Rhine-Westphalia,4,9,115,SPD,SPD,CDU,CDU,40.3,20.7,19.599999999999998,SPD,SPD,CDU,CDU,35.1,19.7,15.400000000000002
116 Duisburg II,Duisburg II,116,Nordrhein-Westfalen,North Rhine-Westphalia,4,10,116,SPD,SPD,CDU,CDU,39.4,20,19.4,SPD,SPD,CDU,CDU,36.9,18.7,18.2
117 Oberhausen – Wesel III,Oberhausen – Wesel III,117,Nordrhein-Westfalen,North Rhine-Westphalia,5,10,117,SPD,SPD,CDU,CDU,38.8,22.5,16.299999999999997,SPD,SPD,CDU,CDU,36.8,21.4,15.399999999999999
118 Mülheim – Essen I,Mülheim – Essen I,118,Nordrhein-Westfalen,North Rhine-Westphalia,4,11,118,SPD,SPD,CDU,CDU,36.3,24,12.299999999999997,SPD,SPD,CDU,CDU,33.3,23.6,9.699999999999996
119 Essen II,Essen II,119,Nordrhein-Westfalen,North Rhine-Westphalia,5,11,119,SPD,SPD,CDU,CDU,37.8,22.8,14.999999999999996,SPD,SPD,CDU,CDU,33.9,20.2,13.7
120 Essen III,Essen III,120,Nordrhein-Westfalen,North Rhine-Westphalia,6,12,120,CDU,CDU,SPD,SPD,30.7,30,0.6999999999999993,SPD,SPD,CDU,CDU,28,24.4,3.6000000000000014
121 Recklinghausen I,Recklinghausen I,121,Nordrhein-Westfalen,North Rhine-Westphalia,6,10,121,SPD,SPD,CDU,CDU,41,25.6,15.399999999999999,SPD,SPD,CDU,CDU,35.2,23.2,12.000000000000004
122 Recklinghausen II,Recklinghausen II,122,Nordrhein-Westfalen,North Rhine-Westphalia,6,9,122,SPD,SPD,CDU,CDU,37.4,28.1,9.299999999999997,SPD,SPD,CDU,CDU,35.5,24.6,10.899999999999999
123 Gelsenkirchen,Gelsenkirchen,123,Nordrhein-Westfalen,North Rhine-Westphalia,5,9,123,SPD,SPD,CDU,CDU,40.5,19.8,20.7,SPD,SPD,CDU,CDU,37.1,19.9,17.200000000000003
124 Steinfurt I – Borken I,Steinfurt I – Borken I,124,Nordrhein-Westfalen,North Rhine-Westphalia,6,6,124,CDU,CDU,SPD,SPD,40,28.3,11.7,CDU,CDU,SPD,SPD,33.8,28.7,5.099999999999998
125 Bottrop – Recklinghausen III,Bottrop – Recklinghausen III,125,Nordrhein-Westfalen,North Rhine-Westphalia,7,9,125,SPD,SPD,CDU,CDU,39,27.1,11.899999999999999,SPD,SPD,CDU,CDU,34.9,25,9.899999999999999
126 Borken II,Borken II,126,Nordrhein-Westfalen,North Rhine-Westphalia,5,7,126,CDU,CDU,SPD,SPD,43.7,25.4,18.300000000000004,CDU,CDU,SPD,SPD,36.6,26.2,10.400000000000002
127 Coesfeld – Steinfurt II,Coesfeld – Steinfurt II,127,Nordrhein-Westfalen,North Rhine-Westphalia,6,7,127,CDU,CDU,SPD,SPD,40.9,25.1,15.799999999999997,CDU,CDU,SPD,SPD,34.5,26.6,7.899999999999999
128 Steinfurt III,Steinfurt III,128,Nordrhein-Westfalen,North Rhine-Westphalia,7,6,128,CDU,CDU,SPD,SPD,34,31.1,2.8999999999999986,SPD,SPD,CDU,CDU,32.7,27.5,5.200000000000003
129 Münster,Münster,129,Nordrhein-Westfalen,North Rhine-Westphalia,7,7,129,Bündnis 90/Die Grünen,Alliance 90/The Greens,CDU,CDU,32.3,26.2,6.099999999999998,Bündnis 90/Die Grünen,Alliance 90/The Greens,SPD,SPD,30.7,23.5,7.199999999999999
130 Warendorf,Warendorf,130,Nordrhein-Westfalen,North Rhine-Westphalia,5,8,130,CDU,CDU,SPD,SPD,36.3,30.8,5.4999999999999964,CDU,CDU,SPD,SPD,31.4,29,2.3999999999999986
131 Gütersloh I,Gütersloh I,131,Nordrhein-Westfalen,North Rhine-Westphalia,6,8,131,CDU,CDU,SPD,SPD,40,25.8,14.2,CDU,CDU,SPD,SPD,29.4,26.6,2.799999999999997
132 Bielefeld – Gütersloh II,Bielefeld – Gütersloh II,132,Nordrhein-Westfalen,North Rhine-Westphalia,7,8,132,SPD,SPD,CDU,CDU,30,22.3,7.699999999999999,SPD,SPD,Bündnis 90/Die Grünen,Alliance 90/The Greens,27.2,21.8,5.399999999999999
133 Herford – Minden-Lübbecke II,Herford – Minden-Lübbecke II,133,Nordrhein-Westfalen,North Rhine-Westphalia,8,8,133,SPD,SPD,CDU,CDU,36.5,26.7,9.8,SPD,SPD,CDU,CDU,31.6,23.5,8.100000000000001
134 Minden-Lübbecke I,Minden-Lübbecke I,134,Nordrhein-Westfalen,North Rhine-Westphalia,8,7,134,SPD,SPD,CDU,CDU,38.4,26.2,12.2,SPD,SPD,CDU,CDU,32.6,23.6,9
135 Lippe I,Lippe I,135,Nordrhein-Westfalen,North Rhine-Westphalia,9,9,135,SPD,SPD,CDU,CDU,30.7,26.2,4.5,SPD,SPD,CDU,CDU,31.1,22.8,8.3
136 Höxter – Gütersloh III – Lippe II,Höxter – Gütersloh III – Lippe II,136,Nordrhein-Westfalen,North Rhine-Westphalia,10,10,136,CDU,CDU,SPD,SPD,40.1,28,12.100000000000001,CDU,CDU,SPD,SPD,32.5,27.2,5.300000000000001
137 Paderborn,Paderborn,137,Nordrhein-Westfalen,North Rhine-Westphalia,9,10,137,CDU,CDU,SPD,SPD,47.9,19,28.9,CDU,CDU,SPD,SPD,33,22.1,10.899999999999999
138 Hagen – Ennepe-Ruhr-Kreis I,Hagen – Ennepe-Ruhr-Kreis I,138,Nordrhein-Westfalen,North Rhine-Westphalia,7,12,138,SPD,SPD,CDU,CDU,33.3,26.4,6.899999999999999,SPD,SPD,CDU,CDU,33,23.8,9.2
139 Ennepe-Ruhr-Kreis II,Ennepe-Ruhr-Kreis II,139,Nordrhein-Westfalen,North Rhine-Westphalia,6,11,139,SPD,SPD,CDU,CDU,35.4,24.6,10.799999999999997,SPD,SPD,CDU,CDU,33.7,22,11.700000000000003
140 Bochum I,Bochum I,140,Nordrhein-Westfalen,North Rhine-Westphalia,7,11,140,SPD,SPD,CDU,CDU,38.3,21.7,16.599999999999998,SPD,SPD,Bündnis 90/Die Grünen,Alliance 90/The Greens,32.7,20,12.700000000000003
141 Herne – Bochum II,Herne – Bochum II,141,Nordrhein-Westfalen,North Rhine-Westphalia,7,10,141,SPD,SPD,CDU,CDU,43.5,19.8,23.7,SPD,SPD,CDU,CDU,38.2,19,19.200000000000003
142 Dortmund I,Dortmund I,142,Nordrhein-Westfalen,North Rhine-Westphalia,8,10,142,SPD,SPD,CDU,CDU,33,19.4,13.600000000000001,SPD,SPD,Bündnis 90/Die Grünen,Alliance 90/The Greens,32.4,20.6,11.799999999999997
143 Dortmund II,Dortmund II,143,Nordrhein-Westfalen,North Rhine-Westphalia,8,11,143,SPD,SPD,CDU,CDU,39.1,20.3,18.8,SPD,SPD,CDU,CDU,35.8,19.4,16.4
144 Unna I,Unna I,144,Nordrhein-Westfalen,North Rhine-Westphalia,9,11,144,SPD,SPD,CDU,CDU,40.8,25.1,15.699999999999996,SPD,SPD,CDU,CDU,36.4,21.8,14.599999999999998
145 Hamm – Unna II,Hamm – Unna II,145,Nordrhein-Westfalen,North Rhine-Westphalia,10,11,145,SPD,SPD,CDU,CDU,40.6,26.5,14.100000000000001,SPD,SPD,CDU,CDU,35.4,24.2,11.2
146 Soest,Soest,146,Nordrhein-Westfalen,North Rhine-Westphalia,8,9,146,CDU,CDU,SPD,SPD,33.1,30.8,2.3000000000000007,CDU,CDU,SPD,SPD,29.1,28.7,0.40000000000000213
147 Hochsauerlandkreis,Hochsauerlandkreis,147,Nordrhein-Westfalen,North Rhine-Westphalia,11,11,147,CDU,CDU,SPD,SPD,40.4,32.2,8.199999999999996,CDU,CDU,SPD,SPD,33.5,28.7,4.800000000000001
148 Siegen-Wittgenstein,Siegen-Wittgenstein,148,Nordrhein-Westfalen,North Rhine-Westphalia,9,12,148,CDU,CDU,SPD,SPD,33.6,30.4,3.200000000000003,SPD,SPD,CDU,CDU,31.3,26.2,5.100000000000001
149 Olpe – Märkischer Kreis I,Olpe – Märkischer Kreis I,149,Nordrhein-Westfalen,North Rhine-Westphalia,7,13,149,CDU,CDU,SPD,SPD,37.1,29.6,7.5,CDU,CDU,SPD,SPD,32.8,27.6,5.199999999999996
150 Märkischer Kreis II,Märkischer Kreis II,150,Nordrhein-Westfalen,North Rhine-Westphalia,8,12,150,CDU,CDU,SPD,SPD,33.6,30.4,3.200000000000003,SPD,SPD,CDU,CDU,29.6,28.3,1.3000000000000007
151 Nordsachsen,Nordsachsen,151,Sachsen,Saxony,15,12,151,AfD,AfD,CDU,CDU,27.8,22.8,5,AfD,AfD,SPD,SPD,27.2,21,6.199999999999999
152 Leipzig I,Leipzig I,152,Sachsen,Saxony,14,12,152,CDU,CDU,SPD,SPD,20.5,20.2,0.3000000000000007,SPD,SPD,AfD,AfD,20.9,15.6,5.299999999999999
153 Leipzig II,Leipzig II,153,Sachsen,Saxony,14,13,153,Die Linke,The Left,Bündnis 90/Die Grünen,Alliance 90/The Greens,22.8,18.4,4.400000000000002,Bündnis 90/Die Grünen,Alliance 90/The Greens,SPD,SPD,21.3,20.9,0.40000000000000213
154 Leipzig-Land,Leipzig-Land,154,Sachsen,Saxony,15,13,154,AfD,AfD,CDU,CDU,24.6,24.4,0.20000000000000284,AfD,AfD,SPD,SPD,24,21.3,2.6999999999999993
155 Meißen,Meißen,155,Sachsen,Saxony,16,12,155,AfD,AfD,CDU,CDU,31,22.3,8.7,AfD,AfD,SPD,SPD,29.8,17.6,12.2
156 Bautzen I,Bautzen I,156,Sachsen,Saxony,17,12,156,AfD,AfD,CDU,CDU,33.4,26,7.399999999999999,AfD,AfD,CDU,CDU,31.9,18.6,13.299999999999997
157 Görlitz,Görlitz,157,Sachsen,Saxony,18,12,157,AfD,AfD,CDU,CDU,35.8,26.1,9.699999999999996,AfD,AfD,CDU,CDU,32.5,18.3,14.2
158 Sächsische Schweiz-Osterzgebirge,Sächsische Schweiz-Osterzgebirge,158,Sachsen,Saxony,16,14,158,AfD,AfD,CDU,CDU,33,19.2,13.8,AfD,AfD,CDU,CDU,31.9,17.1,14.799999999999997
159 Dresden I,Dresden I,159,Sachsen,Saxony,16,13,159,CDU,CDU,Die Linke,The Left,21.1,18.9,2.200000000000003,SPD,SPD,AfD,AfD,19,17.9,1.1000000000000014
160 Dresden II – Bautzen II,Dresden II – Bautzen II,160,Sachsen,Saxony,17,13,160,CDU,CDU,AfD,AfD,18.6,18.6,0,AfD,AfD,Bündnis 90/Die Grünen,Alliance 90/The Greens,19.1,16.6,2.5
161 Mittelsachsen,Mittelsachsen,161,Sachsen,Saxony,15,14,161,AfD,AfD,CDU,CDU,33.4,23.8,9.599999999999998,AfD,AfD,SPD,SPD,30,18.5,11.5
162 Chemnitz,Chemnitz,162,Sachsen,Saxony,13,14,162,SPD,SPD,AfD,AfD,25.1,21.9,3.200000000000003,SPD,SPD,AfD,AfD,23.4,21.6,1.7999999999999972
163 Chemnitzer Umland – Erzgebirgskreis II,Chemnitzer Umland – Erzgebirgskreis II,163,Sachsen,Saxony,13,13,163,AfD,AfD,CDU,CDU,28.9,23.7,5.199999999999999,AfD,AfD,SPD,SPD,27.3,20.2,7.100000000000001
164 Erzgebirgskreis I,Erzgebirgskreis I,164,Sachsen,Saxony,14,14,164,AfD,AfD,CDU,CDU,31.7,25.4,6.300000000000001,AfD,AfD,CDU,CDU,30.6,19.6,11
165 Zwickau,Zwickau,165,Sachsen,Saxony,13,15,165,AfD,AfD,CDU,CDU,25.6,21.2,4.400000000000002,AfD,AfD,SPD,SPD,25.1,21.1,4
166 Vogtlandkreis,Vogtlandkreis,166,Sachsen,Saxony,14,15,166,CDU,CDU,AfD,AfD,27.7,26.8,0.8999999999999986,AfD,AfD,SPD,SPD,25.1,22.4,2.700000000000003
167 Waldeck,Waldeck,167,Hessen,Hesse,8,13,167,SPD,SPD,CDU,CDU,37.9,26.3,11.599999999999998,SPD,SPD,CDU,CDU,36.1,22.3,13.8
168 Kassel,Kassel,168,Hessen,Hesse,9,13,168,SPD,SPD,CDU,CDU,36.1,20.4,15.700000000000003,SPD,SPD,Bündnis 90/Die Grünen,Alliance 90/The Greens,32.2,18.9,13.300000000000004
169 Werra-Meißner – Hersfeld-Rotenburg,Werra-Meißner – Hersfeld-Rotenburg,169,Hessen,Hesse,8,14,169,SPD,SPD,CDU,CDU,43.7,26.8,16.900000000000002,SPD,SPD,CDU,CDU,37.7,21.6,16.1
170 Schwalm-Eder,Schwalm-Eder,170,Hessen,Hesse,7,14,170,SPD,SPD,CDU,CDU,39.3,24,15.299999999999997,SPD,SPD,CDU,CDU,36,21.5,14.5
171 Marburg,Marburg,171,Hessen,Hesse,6,14,171,SPD,SPD,CDU,CDU,36.9,26.1,10.799999999999997,SPD,SPD,CDU,CDU,30,22.1,7.899999999999999
172 Lahn-Dill,Lahn-Dill,172,Hessen,Hesse,6,15,172,SPD,SPD,CDU,CDU,33.1,30.1,3,SPD,SPD,CDU,CDU,29.4,24.9,4.5
173 Gießen,Gießen,173,Hessen,Hesse,7,15,173,SPD,SPD,CDU,CDU,30.4,29.6,0.7999999999999972,SPD,SPD,CDU,CDU,27.6,22.7,4.900000000000002
174 Fulda,Fulda,174,Hessen,Hesse,8,15,174,CDU,CDU,SPD,SPD,38.1,21.8,16.3,CDU,CDU,SPD,SPD,31.1,22.5,8.600000000000001
175 Main-Kinzig – Wetterau II – Schotten,Main-Kinzig – Wetterau II – Schotten,175,Hessen,Hesse,9,15,175,SPD,SPD,CDU,CDU,30.5,27.5,3,SPD,SPD,CDU,CDU,27.4,24.2,3.1999999999999993
176 Hochtaunus,Hochtaunus,176,Hessen,Hesse,7,16,176,CDU,CDU,SPD,SPD,31.3,27,4.300000000000001,CDU,CDU,SPD,SPD,26.2,24.6,1.5999999999999979
177 Wetterau I,Wetterau I,177,Hessen,Hesse,8,16,177,SPD,SPD,CDU,CDU,29.7,28.3,1.3999999999999986,SPD,SPD,CDU,CDU,26.2,23.6,2.599999999999998
178 Rheingau-Taunus – Limburg,Rheingau-Taunus – Limburg,178,Hessen,Hesse,6,16,178,CDU,CDU,SPD,SPD,30.2,28.5,1.6999999999999993,CDU,CDU,SPD,SPD,26.1,25.6,0.5
179 Wiesbaden,Wiesbaden,179,Hessen,Hesse,6,17,179,CDU,CDU,SPD,SPD,26.3,25.8,0.5,SPD,SPD,CDU,CDU,24.9,21.1,3.799999999999997
180 Hanau,Hanau,180,Hessen,Hesse,9,16,180,SPD,SPD,CDU,CDU,31.1,27.8,3.3000000000000007,SPD,SPD,CDU,CDU,27.6,22.5,5.100000000000001
181 Main-Taunus,Main-Taunus,181,Hessen,Hesse,7,17,181,CDU,CDU,SPD,SPD,33.3,22.8,10.499999999999996,CDU,CDU,SPD,SPD,27,22.1,4.899999999999999
182 Frankfurt am Main I,Frankfurt am Main I,182,Hessen,Hesse,8,17,182,SPD,SPD,CDU,CDU,29,21.7,7.300000000000001,Bündnis 90/Die Grünen,Alliance 90/The Greens,SPD,SPD,23.5,22.6,0.8999999999999986
183 Frankfurt am Main II,Frankfurt am Main II,183,Hessen,Hesse,9,17,183,Bündnis 90/Die Grünen,Alliance 90/The Greens,SPD,SPD,29,23.3,5.699999999999999,Bündnis 90/Die Grünen,Alliance 90/The Greens,SPD,SPD,25.6,22.3,3.3000000000000007
184 Groß-Gerau,Groß-Gerau,184,Hessen,Hesse,7,18,184,SPD,SPD,CDU,CDU,33.5,27.7,5.800000000000001,SPD,SPD,CDU,CDU,29.8,21.4,8.400000000000002
185 Offenbach,Offenbach,185,Hessen,Hesse,8,18,185,CDU,CDU,SPD,SPD,27.8,26.4,1.4000000000000021,SPD,SPD,CDU,CDU,24.9,22.9,2
186 Darmstadt,Darmstadt,186,Hessen,Hesse,6,18,186,SPD,SPD,Bündnis 90/Die Grünen,Alliance 90/The Greens,27.4,23.8,3.599999999999998,SPD,SPD,Bündnis 90/Die Grünen,Alliance 90/The Greens,26.3,22.4,3.900000000000002
187 Odenwald,Odenwald,187,Hessen,Hesse,7,19,187,SPD,SPD,CDU,CDU,32.3,27.9,4.399999999999999,SPD,SPD,CDU,CDU,28,24.2,3.8000000000000007
188 Bergstraße,Bergstraße,188,Hessen,Hesse,8,19,188,CDU,CDU,SPD,SPD,30.5,27.2,3.3000000000000007,SPD,SPD,CDU,CDU,27.2,24.5,2.6999999999999993
189 Eichsfeld – Nordhausen – Kyffhäuserkreis,Eichsfeld – Nordhausen – Kyffhäuserkreis,189,Thüringen,Thuringia,11,12,189,CDU,CDU,AfD,AfD,26.6,22.7,3.900000000000002,SPD,SPD,AfD,AfD,24.4,22.5,1.8999999999999986
190 Eisenach – Wartburgkreis – Unstrut-Hainich-Kreis,Eisenach – Wartburgkreis – Unstrut-Hainich-Kreis,190,Thüringen,Thuringia,10,12,190,AfD,AfD,SPD,SPD,24.8,23.9,0.9000000000000021,SPD,SPD,AfD,AfD,24.9,24.5,0.3999999999999986
191 Jena – Sömmerda – Weimarer Land I,Jena – Sömmerda – Weimarer Land I,191,Thüringen,Thuringia,11,13,191,SPD,SPD,AfD,AfD,20.1,19.4,0.7000000000000028,SPD,SPD,AfD,AfD,22.4,19.8,2.599999999999998
192 Gotha – Ilm-Kreis,Gotha – Ilm-Kreis,192,Thüringen,Thuringia,9,14,192,AfD,AfD,SPD,SPD,26.5,23.5,3,AfD,AfD,SPD,SPD,26,23.8,2.1999999999999993
193 Erfurt – Weimar – Weimarer Land II,Erfurt – Weimar – Weimarer Land II,193,Thüringen,Thuringia,10,13,193,SPD,SPD,CDU,CDU,24.4,17.4,7,SPD,SPD,AfD,AfD,23.9,16.2,7.699999999999999
194 Gera – Greiz – Altenburger Land,Gera – Greiz – Altenburger Land,194,Thüringen,Thuringia,11,14,194,AfD,AfD,SPD,SPD,29,22.2,6.800000000000001,AfD,AfD,SPD,SPD,28.1,21.9,6.200000000000003
195 Saalfeld-Rudolstadt – Saale-Holzland-Kreis – Saale-Orla-Kreis,Saalfeld-Rudolstadt – Saale-Holzland-Kreis – Saale-Orla-Kreis,195,Thüringen,Thuringia,10,14,195,AfD,AfD,CDU,CDU,29.3,21,8.3,AfD,AfD,SPD,SPD,28.2,21.3,6.899999999999999
196 Suhl – Schmalkalden-Meiningen – Hildburghausen – Sonneberg,Suhl – Schmalkalden-Meiningen – Hildburghausen – Sonneberg,196,Thüringen,Thuringia,10,15,196,SPD,SPD,CDU,CDU,33.6,22.3,11.3,AfD,AfD,SPD,SPD,26.4,25.1,1.2999999999999972
197 Neuwied,Neuwied,197,Rheinland-Pfalz,Rheinland-Pfalz,4,16,197,CDU,CDU,SPD,SPD,31.9,30.2,1.6999999999999993,SPD,SPD,CDU,CDU,30,26.8,3.1999999999999993
198 Ahrweiler,Ahrweiler,198,Rheinland-Pfalz,Rheinland-Pfalz,3,16,198,CDU,CDU,SPD,SPD,34.3,30.2,4.099999999999998,SPD,SPD,CDU,CDU,28.8,28.5,0.3000000000000007
199 Koblenz,Koblenz,199,Rheinland-Pfalz,Rheinland-Pfalz,4,17,199,CDU,CDU,SPD,SPD,31.7,29.9,1.8000000000000007,SPD,SPD,CDU,CDU,29.3,26,3.3000000000000007
200 Mosel/Rhein-Hunsrück,Mosel/Rhein-Hunsrück,200,Rheinland-Pfalz,Rheinland-Pfalz,3,17,200,CDU,CDU,SPD,SPD,34.3,26.9,7.399999999999999,CDU,CDU,SPD,SPD,29,28.5,0.5
201 Kreuznach,Kreuznach,201,Rheinland-Pfalz,Rheinland-Pfalz,3,18,201,SPD,SPD,CDU,CDU,33,29.1,3.8999999999999986,SPD,SPD,CDU,CDU,32.4,24.4,8
202 Bitburg,Bitburg,202,Rheinland-Pfalz,Rheinland-Pfalz,2,16,202,CDU,CDU,SPD,SPD,37.7,27.5,10.200000000000003,CDU,CDU,SPD,SPD,30.1,27.9,2.200000000000003
203 Trier,Trier,203,Rheinland-Pfalz,Rheinland-Pfalz,2,17,203,SPD,SPD,CDU,CDU,33,27.7,5.300000000000001,SPD,SPD,CDU,CDU,30.3,23.7,6.600000000000001
204 Montabaur,Montabaur,204,Rheinland-Pfalz,Rheinland-Pfalz,5,16,204,SPD,SPD,CDU,CDU,31.5,30,1.5,SPD,SPD,CDU,CDU,30.3,26.5,3.8000000000000007
205 Mainz,Mainz,205,Rheinland-Pfalz,Rheinland-Pfalz,5,17,205,SPD,SPD,CDU,CDU,24.9,23.6,1.2999999999999972,SPD,SPD,Bündnis 90/Die Grünen,Alliance 90/The Greens,26.7,23,3.6999999999999993
206 Worms,Worms,206,Rheinland-Pfalz,Rheinland-Pfalz,5,18,206,CDU,CDU,SPD,SPD,32.2,30.3,1.9000000000000021,SPD,SPD,CDU,CDU,30.1,22.8,7.300000000000001
207 Ludwigshafen/Frankenthal,Ludwigshafen/Frankenthal,207,Rheinland-Pfalz,Rheinland-Pfalz,5,19,207,SPD,SPD,CDU,CDU,32.8,25,7.799999999999997,SPD,SPD,CDU,CDU,29.9,22,7.899999999999999
208 Neustadt – Speyer,Neustadt – Speyer,208,Rheinland-Pfalz,Rheinland-Pfalz,4,19,208,CDU,CDU,SPD,SPD,30.2,28.1,2.099999999999998,SPD,SPD,CDU,CDU,27.3,24,3.3000000000000007
209 Kaiserslautern,Kaiserslautern,209,Rheinland-Pfalz,Rheinland-Pfalz,4,18,209,SPD,SPD,CDU,CDU,33.9,21.5,12.399999999999999,SPD,SPD,CDU,CDU,32.5,19.8,12.7
210 Pirmasens,Pirmasens,210,Rheinland-Pfalz,Rheinland-Pfalz,4,20,210,SPD,SPD,CDU,CDU,30.4,30.1,0.29999999999999716,SPD,SPD,CDU,CDU,29.3,25.6,3.6999999999999993
211 Südpfalz,Südpfalz,211,Rheinland-Pfalz,Rheinland-Pfalz,4,21,211,SPD,SPD,CDU,CDU,28.2,28.2,0,SPD,SPD,CDU,CDU,27.7,23.2,4.5
212 Altötting,Altötting,212,Bayern,Bavaria,13,22,212,CSU,CSU,SPD,SPD,43.3,11.4,31.9,CSU,CSU,SPD,SPD,34.2,14.2,20.000000000000004
213 Erding – Ebersberg,Erding – Ebersberg,213,Bayern,Bavaria,12,21,213,CSU,CSU,Bündnis 90/Die Grünen,Alliance 90/The Greens,42.3,14.9,27.4,CSU,CSU,SPD,SPD,33.4,15.3,18.099999999999998
214 Freising,Freising,214,Bayern,Bavaria,11,21,214,CSU,CSU,SPD,SPD,36.2,13.5,22.700000000000003,CSU,CSU,SPD,SPD,32.6,15.1,17.5
215 Fürstenfeldbruck,Fürstenfeldbruck,215,Bayern,Bavaria,10,21,215,CSU,CSU,SPD,SPD,38,19.3,18.7,CSU,CSU,SPD,SPD,33.3,16.2,17.099999999999998
216 Ingolstadt,Ingolstadt,216,Bayern,Bavaria,11,20,216,CSU,CSU,SPD,SPD,44.9,13.9,31,CSU,CSU,SPD,SPD,34.6,16.9,17.700000000000003
217 München-Nord,München-Nord,217,Bayern,Bavaria,11,22,217,CSU,CSU,Bündnis 90/Die Grünen,Alliance 90/The Greens,25.7,24.2,1.5,Bündnis 90/Die Grünen,Alliance 90/The Greens,CSU,CSU,25.6,22.9,2.700000000000003
218 München-Ost,München-Ost,218,Bayern,Bavaria,12,22,218,CSU,CSU,Bündnis 90/Die Grünen,Alliance 90/The Greens,31.7,22,9.7,CSU,CSU,Bündnis 90/Die Grünen,Alliance 90/The Greens,25.5,24.6,0.8999999999999986
219 München-Süd,München-Süd,219,Bayern,Bavaria,12,23,219,Bündnis 90/Die Grünen,Alliance 90/The Greens,CSU,CSU,27.5,26.8,0.6999999999999993,Bündnis 90/Die Grünen,Alliance 90/The Greens,CSU,CSU,26.4,23.5,2.8999999999999986
220 München-West/Mitte,München-West/Mitte,220,Bayern,Bavaria,10,22,220,CSU,CSU,Bündnis 90/Die Grünen,Alliance 90/The Greens,27,26.9,0.10000000000000142,Bündnis 90/Die Grünen,Alliance 90/The Greens,CSU,CSU,27.5,23,4.5
221 München-Land,München-Land,221,Bayern,Bavaria,12,24,221,CSU,CSU,Bündnis 90/Die Grünen,Alliance 90/The Greens,39.1,20.4,18.700000000000003,CSU,CSU,Bündnis 90/Die Grünen,Alliance 90/The Greens,32.6,18.5,14.100000000000001
222 Rosenheim,Rosenheim,222,Bayern,Bavaria,14,23,222,CSU,CSU,Bündnis 90/Die Grünen,Alliance 90/The Greens,36.1,13.8,22.3,CSU,CSU,SPD,SPD,31,14.4,16.6
223 Bad Tölz-Wolfratshausen – Miesbach,Bad Tölz-Wolfratshausen – Miesbach,223,Bayern,Bavaria,13,23,223,CSU,CSU,Bündnis 90/Die Grünen,Alliance 90/The Greens,41.3,15.5,25.799999999999997,CSU,CSU,SPD,SPD,34.2,13.5,20.700000000000003
224 Starnberg – Landsberg am Lech,Starnberg – Landsberg am Lech,224,Bayern,Bavaria,11,23,224,CSU,CSU,Bündnis 90/Die Grünen,Alliance 90/The Greens,38.2,19.9,18.300000000000004,CSU,CSU,Bündnis 90/Die Grünen,Alliance 90/The Greens,32.1,18.1,14
225 Traunstein,Traunstein,225,Bayern,Bavaria,14,24,225,CSU,CSU,SPD,SPD,36.6,17,19.6,CSU,CSU,SPD,SPD,31.5,15.5,16
226 Weilheim,Weilheim,226,Bayern,Bavaria,13,24,226,CSU,CSU,SPD,SPD,41.9,14.4,27.5,CSU,CSU,SPD,SPD,35.1,14.5,20.6
227 Deggendorf,Deggendorf,227,Bayern,Bavaria,14,21,227,CSU,CSU,Andere,Other,37.4,15.6,21.799999999999997,CSU,CSU,SPD,SPD,33.3,15.7,17.599999999999998
228 Landshut,Landshut,228,Bayern,Bavaria,12,20,228,CSU,CSU,FDP,FDP,36.4,11.7,24.7,CSU,CSU,SPD,SPD,33.1,15.9,17.200000000000003
229 Passau,Passau,229,Bayern,Bavaria,14,22,229,CSU,CSU,SPD,SPD,30.7,20.9,9.8,CSU,CSU,SPD,SPD,32.5,17.6,14.899999999999999
230 Rottal-Inn,Rottal-Inn,230,Bayern,Bavaria,13,21,230,CSU,CSU,Andere,Other,35.1,16.7,18.400000000000002,CSU,CSU,Andere,Other,34.3,14.9,19.4
231 Straubing,Straubing,231,Bayern,Bavaria,13,20,231,CSU,CSU,AfD,AfD,44.3,12.7,31.599999999999998,CSU,CSU,SPD,SPD,35.3,15.1,20.199999999999996
232 Amberg,Amberg,232,Bayern,Bavaria,12,18,232,CSU,CSU,SPD,SPD,40.3,16,24.299999999999997,CSU,CSU,SPD,SPD,35.1,18.3,16.8
233 Regensburg,Regensburg,233,Bayern,Bavaria,13,19,233,CSU,CSU,SPD,SPD,35.3,16.6,18.699999999999996,CSU,CSU,SPD,SPD,30.9,17.4,13.5
234 Schwandorf,Schwandorf,234,Bayern,Bavaria,13,18,234,CSU,CSU,SPD,SPD,35.1,22.8,12.3,CSU,CSU,SPD,SPD,34.1,17.9,16.200000000000003
235 Weiden,Weiden,235,Bayern,Bavaria,13,17,235,CSU,CSU,SPD,SPD,38.5,22.5,16,CSU,CSU,SPD,SPD,35.4,22.4,13
236 Bamberg,Bamberg,236,Bayern,Bavaria,12,16,236,CSU,CSU,SPD,SPD,37,19,18,CSU,CSU,SPD,SPD,33.4,17.4,16
237 Bayreuth,Bayreuth,237,Bayern,Bavaria,12,17,237,CSU,CSU,SPD,SPD,42.4,19.4,23,CSU,CSU,SPD,SPD,34.1,20.7,13.400000000000002
238 Coburg,Coburg,238,Bayern,Bavaria,12,14,238,CSU,CSU,SPD,SPD,36.5,26.1,10.399999999999999,CSU,CSU,SPD,SPD,31.9,25.2,6.699999999999999
239 Hof,Hof,239,Bayern,Bavaria,12,15,239,CSU,CSU,SPD,SPD,41.2,23.9,17.300000000000004,CSU,CSU,SPD,SPD,33.2,24.4,8.800000000000004
240 Kulmbach,Kulmbach,240,Bayern,Bavaria,13,16,240,CSU,CSU,SPD,SPD,47.8,16.2,31.599999999999998,CSU,CSU,SPD,SPD,36.2,19.8,16.400000000000002
241 Ansbach,Ansbach,241,Bayern,Bavaria,10,19,241,CSU,CSU,SPD,SPD,38.4,17.7,20.7,CSU,CSU,SPD,SPD,33.1,19.7,13.400000000000002
242 Erlangen,Erlangen,242,Bayern,Bavaria,10,18,242,CSU,CSU,SPD,SPD,35.2,20.7,14.500000000000004,CSU,CSU,Bündnis 90/Die Grünen,Alliance 90/The Greens,28.9,20.2,8.7
243 Fürth,Fürth,243,Bayern,Bavaria,9,18,243,CSU,CSU,SPD,SPD,33.5,24,9.5,CSU,CSU,SPD,SPD,29.9,21.5,8.399999999999999
244 Nürnberg-Nord,Nürnberg-Nord,244,Bayern,Bavaria,11,18,244,CSU,CSU,Bündnis 90/Die Grünen,Alliance 90/The Greens,28.4,22.6,5.799999999999997,CSU,CSU,Bündnis 90/Die Grünen,Alliance 90/The Greens,23.8,23.6,0.1999999999999993
245 Nürnberg-Süd,Nürnberg-Süd,245,Bayern,Bavaria,11,19,245,CSU,CSU,SPD,SPD,34.4,24.2,10.2,CSU,CSU,SPD,SPD,30,22.7,7.300000000000001
246 Roth,Roth,246,Bayern,Bavaria,12,19,246,CSU,CSU,SPD,SPD,38,16.9,21.1,CSU,CSU,SPD,SPD,32.3,20.6,11.699999999999996
247 Aschaffenburg,Aschaffenburg,247,Bayern,Bavaria,10,16,247,CSU,CSU,SPD,SPD,40.7,17.1,23.6,CSU,CSU,SPD,SPD,31.4,20.7,10.7
248 Bad Kissingen,Bad Kissingen,248,Bayern,Bavaria,11,15,248,CSU,CSU,SPD,SPD,39.1,19,20.1,CSU,CSU,SPD,SPD,37.6,17.6,20
249 Main-Spessart,Main-Spessart,249,Bayern,Bavaria,11,16,249,CSU,CSU,SPD,SPD,38.6,21.5,17.1,CSU,CSU,SPD,SPD,34.4,20.9,13.5
250 Schweinfurt,Schweinfurt,250,Bayern,Bavaria,11,17,250,CSU,CSU,SPD,SPD,40.9,18.6,22.299999999999997,CSU,CSU,SPD,SPD,34.8,19.5,15.299999999999997
251 Würzburg,Würzburg,251,Bayern,Bavaria,10,17,251,CSU,CSU,Bündnis 90/Die Grünen,Alliance 90/The Greens,36.9,19.8,17.099999999999998,CSU,CSU,SPD,SPD,30.3,20.1,10.2
252 Augsburg-Stadt,Augsburg-Stadt,252,Bayern,Bavaria,9,22,252,CSU,CSU,Bündnis 90/Die Grünen,Alliance 90/The Greens,28.1,20.6,7.5,CSU,CSU,SPD,SPD,25.4,19.2,6.199999999999999
253 Augsburg-Land,Augsburg-Land,253,Bayern,Bavaria,10,23,253,CSU,CSU,SPD,SPD,40.6,14.5,26.1,CSU,CSU,SPD,SPD,33.3,16.4,16.9
254 Donau-Ries,Donau-Ries,254,Bayern,Bavaria,10,20,254,CSU,CSU,SPD,SPD,41.1,19.2,21.900000000000002,CSU,CSU,SPD,SPD,35.2,16.5,18.700000000000003
255 Neu-Ulm,Neu-Ulm,255,Bayern,Bavaria,9,21,255,CSU,CSU,SPD,SPD,37.2,16,21.200000000000003,CSU,CSU,SPD,SPD,31.5,17,14.5
256 Oberallgäu,Oberallgäu,256,Bayern,Bavaria,11,25,256,CSU,CSU,SPD,SPD,29.7,15.8,13.899999999999999,CSU,CSU,SPD,SPD,30.4,16.5,13.899999999999999
257 Ostallgäu,Ostallgäu,257,Bayern,Bavaria,11,24,257,CSU,CSU,SPD,SPD,38.8,12.3,26.499999999999996,CSU,CSU,SPD,SPD,31.7,15.6,16.1
258 Stuttgart I,Stuttgart I,258,Baden-Württemberg,Baden-Württemberg,7,23,258,Bündnis 90/Die Grünen,Alliance 90/The Greens,CDU,CDU,40,23.4,16.6,Bündnis 90/Die Grünen,Alliance 90/The Greens,CDU,CDU,28.4,20.1,8.299999999999997
259 Stuttgart II,Stuttgart II,259,Baden-Württemberg,Baden-Württemberg,8,23,259,CDU,CDU,Bündnis 90/Die Grünen,Alliance 90/The Greens,25.9,23.7,2.1999999999999993,SPD,SPD,CDU,CDU,22.8,21.4,1.4000000000000021
260 Böblingen,Böblingen,260,Baden-Württemberg,Baden-Württemberg,6,23,260,CDU,CDU,SPD,SPD,29.7,21.1,8.599999999999998,CDU,CDU,SPD,SPD,26.1,20.6,5.5
261 Esslingen,Esslingen,261,Baden-Württemberg,Baden-Württemberg,8,24,261,CDU,CDU,SPD,SPD,32,21.8,10.2,CDU,CDU,SPD,SPD,25.3,22.8,2.5
262 Nürtingen,Nürtingen,262,Baden-Württemberg,Baden-Württemberg,7,24,262,CDU,CDU,SPD,SPD,30.1,21,9.100000000000001,CDU,CDU,SPD,SPD,26,20.7,5.300000000000001
263 Göppingen,Göppingen,263,Baden-Württemberg,Baden-Württemberg,8,22,263,CDU,CDU,SPD,SPD,31,23.7,7.300000000000001,CDU,CDU,SPD,SPD,26.1,23.4,2.700000000000003
264 Waiblingen,Waiblingen,264,Baden-Württemberg,Baden-Württemberg,7,21,264,CDU,CDU,SPD,SPD,29,22.7,6.300000000000001,CDU,CDU,SPD,SPD,25.7,21.6,4.099999999999998
265 Ludwigsburg,Ludwigsburg,265,Baden-Württemberg,Baden-Württemberg,6,22,265,CDU,CDU,Bündnis 90/Die Grünen,Alliance 90/The Greens,29.5,20.3,9.2,CDU,CDU,SPD,SPD,24.8,21.8,3
266 Neckar-Zaber,Neckar-Zaber,266,Baden-Württemberg,Baden-Württemberg,6,21,266,CDU,CDU,SPD,SPD,30.4,22.5,7.899999999999999,CDU,CDU,SPD,SPD,25,22.3,2.6999999999999993
267 Heilbronn,Heilbronn,267,Baden-Württemberg,Baden-Württemberg,7,20,267,CDU,CDU,SPD,SPD,27.8,24.3,3.5,CDU,CDU,SPD,SPD,23.9,22.6,1.2999999999999972
268 Schwäbisch Hall – Hohenlohe,Schwäbisch Hall – Hohenlohe,268,Baden-Württemberg,Baden-Württemberg,9,20,268,CDU,CDU,SPD,SPD,32.1,19.6,12.5,CDU,CDU,SPD,SPD,24.5,21.8,2.6999999999999993
269 Backnang – Schwäbisch Gmünd,Backnang – Schwäbisch Gmünd,269,Baden-Württemberg,Baden-Württemberg,7,22,269,CDU,CDU,SPD,SPD,30.5,24.4,6.100000000000001,CDU,CDU,SPD,SPD,25.9,21.7,4.199999999999999
270 Aalen – Heidenheim,Aalen – Heidenheim,270,Baden-Württemberg,Baden-Württemberg,8,21,270,CDU,CDU,SPD,SPD,37,21.9,15.100000000000001,CDU,CDU,SPD,SPD,27.4,23.6,3.799999999999997
271 Karlsruhe-Stadt,Karlsruhe-Stadt,271,Baden-Württemberg,Baden-Württemberg,5,21,271,Bündnis 90/Die Grünen,Alliance 90/The Greens,SPD,SPD,30,21.3,8.7,Bündnis 90/Die Grünen,Alliance 90/The Greens,SPD,SPD,27.8,21.3,6.5
272 Karlsruhe-Land,Karlsruhe-Land,272,Baden-Württemberg,Baden-Württemberg,5,22,272,CDU,CDU,SPD,SPD,30.4,22.8,7.599999999999998,CDU,CDU,SPD,SPD,25.7,23.1,2.599999999999998
273 Rastatt,Rastatt,273,Baden-Württemberg,Baden-Württemberg,4,22,273,CDU,CDU,SPD,SPD,33.2,22.7,10.500000000000004,CDU,CDU,SPD,SPD,27,23.7,3.3000000000000007
274 Heidelberg,Heidelberg,274,Baden-Württemberg,Baden-Württemberg,8,20,274,Bündnis 90/Die Grünen,Alliance 90/The Greens,CDU,CDU,30.2,24.1,6.099999999999998,Bündnis 90/Die Grünen,Alliance 90/The Greens,SPD,SPD,25.6,22.8,2.8000000000000007
275 Mannheim,Mannheim,275,Baden-Württemberg,Baden-Württemberg,6,19,275,SPD,SPD,Bündnis 90/Die Grünen,Alliance 90/The Greens,26.4,22.5,3.8999999999999986,SPD,SPD,Bündnis 90/Die Grünen,Alliance 90/The Greens,25.3,21.1,4.199999999999999
276 Odenwald – Tauber,Odenwald – Tauber,276,Baden-Württemberg,Baden-Württemberg,9,19,276,CDU,CDU,SPD,SPD,35.8,20.6,15.199999999999996,CDU,CDU,SPD,SPD,30.4,22.2,8.2
277 Rhein-Neckar,Rhein-Neckar,277,Baden-Württemberg,Baden-Württemberg,6,20,277,CDU,CDU,SPD,SPD,28.5,27,1.5,CDU,CDU,SPD,SPD,25.5,23.5,2
278 Bruchsal – Schwetzingen,Bruchsal – Schwetzingen,278,Baden-Württemberg,Baden-Württemberg,5,20,278,CDU,CDU,SPD,SPD,29.6,21.9,7.700000000000003,CDU,CDU,SPD,SPD,25.8,22.8,3
279 Pforzheim,Pforzheim,279,Baden-Württemberg,Baden-Württemberg,5,23,279,CDU,CDU,SPD,SPD,28.5,20.9,7.600000000000001,CDU,CDU,SPD,SPD,24.2,21.1,3.099999999999998
280 Calw,Calw,280,Baden-Württemberg,Baden-Württemberg,5,24,280,CDU,CDU,SPD,SPD,33.8,17.2,16.599999999999998,CDU,CDU,SPD,SPD,28.3,18.8,9.5
281 Freiburg,Freiburg,281,Baden-Württemberg,Baden-Württemberg,3,24,281,Bündnis 90/Die Grünen,Alliance 90/The Greens,SPD,SPD,28.8,26.3,2.5,Bündnis 90/Die Grünen,Alliance 90/The Greens,SPD,SPD,31.6,21.2,10.400000000000002
282 Lörrach – Müllheim,Lörrach – Müllheim,282,Baden-Württemberg,Baden-Württemberg,3,25,282,CDU,CDU,SPD,SPD,25.2,21.8,3.3999999999999986,SPD,SPD,CDU,CDU,24.2,22.3,1.8999999999999986
283 Emmendingen – Lahr,Emmendingen – Lahr,283,Baden-Württemberg,Baden-Württemberg,4,24,283,CDU,CDU,SPD,SPD,27.8,27.8,0,CDU,CDU,SPD,SPD,24.8,23.9,0.9000000000000021
284 Offenburg,Offenburg,284,Baden-Württemberg,Baden-Württemberg,4,23,284,CDU,CDU,SPD,SPD,34.9,18.7,16.2,CDU,CDU,SPD,SPD,25.9,21.3,4.599999999999998
285 Rottweil – Tuttlingen,Rottweil – Tuttlingen,285,Baden-Württemberg,Baden-Württemberg,6,25,285,CDU,CDU,FDP,FDP,31.5,16.8,14.7,CDU,CDU,SPD,SPD,27.6,18.6,9
286 Schwarzwald-Baar,Schwarzwald-Baar,286,Baden-Württemberg,Baden-Württemberg,5,25,286,CDU,CDU,SPD,SPD,36.4,18.1,18.299999999999997,CDU,CDU,SPD,SPD,26.6,21.2,5.400000000000002
287 Konstanz,Konstanz,287,Baden-Württemberg,Baden-Württemberg,8,25,287,CDU,CDU,SPD,SPD,34.1,20.1,14,CDU,CDU,Bündnis 90/Die Grünen,Alliance 90/The Greens,23.2,21,2.1999999999999993
288 Waldshut,Waldshut,288,Baden-Württemberg,Baden-Württemberg,4,25,288,CDU,CDU,SPD,SPD,33.6,25.6,8,CDU,CDU,SPD,SPD,26.4,22.8,3.599999999999998
289 Reutlingen,Reutlingen,289,Baden-Württemberg,Baden-Württemberg,7,25,289,CDU,CDU,SPD,SPD,32.6,17.9,14.700000000000003,CDU,CDU,SPD,SPD,25.9,20.7,5.199999999999999
290 Tübingen,Tübingen,290,Baden-Württemberg,Baden-Württemberg,6,24,290,CDU,CDU,Bündnis 90/Die Grünen,Alliance 90/The Greens,27,25.7,1.3000000000000007,Bündnis 90/Die Grünen,Alliance 90/The Greens,CDU,CDU,23.4,21.8,1.5999999999999979
291 Ulm,Ulm,291,Baden-Württemberg,Baden-Württemberg,9,25,291,CDU,CDU,Bündnis 90/Die Grünen,Alliance 90/The Greens,32.7,18.8,13.900000000000002,CDU,CDU,SPD,SPD,26.6,20.7,5.900000000000002
292 Biberach,Biberach,292,Baden-Württemberg,Baden-Württemberg,9,23,292,CDU,CDU,SPD,SPD,35.1,18.6,16.5,CDU,CDU,SPD,SPD,30.6,17.5,13.100000000000001
293 Bodensee,Bodensee,293,Baden-Württemberg,Baden-Württemberg,10,25,293,CDU,CDU,SPD,SPD,30.4,20.8,9.599999999999998,CDU,CDU,SPD,SPD,26.7,19.7,7
294 Ravensburg,Ravensburg,294,Baden-Württemberg,Baden-Württemberg,10,24,294,CDU,CDU,Bündnis 90/Die Grünen,Alliance 90/The Greens,30.6,21.1,9.5,CDU,CDU,SPD,SPD,26.7,19,7.699999999999999
295 Zollernalb – Sigmaringen,Zollernalb – Sigmaringen,295,Baden-Württemberg,Baden-Württemberg,9,24,295,CDU,CDU,SPD,SPD,30.1,18.3,11.8,CDU,CDU,SPD,SPD,28.8,19.6,9.2
296 Saarbrücken,Saarbrücken,296,Saarland,Saarland,2,19,296,SPD,SPD,CDU,CDU,36.9,25.1,11.799999999999997,SPD,SPD,CDU,CDU,38.1,20.5,17.6
297 Saarlouis,Saarlouis,297,Saarland,Saarland,2,18,297,SPD,SPD,CDU,CDU,36.7,28,8.700000000000003,SPD,SPD,CDU,CDU,36.4,24.4,12
298 St. Wendel,St. Wendel,298,Saarland,Saarland,3,19,298,SPD,SPD,CDU,CDU,35.1,32.1,3,SPD,SPD,CDU,CDU,37.4,26.5,10.899999999999999
299 Homburg,Homburg,299,Saarland,Saarland,3,20,299,SPD,SPD,CDU,CDU,36.6,26.1,10.5,SPD,SPD,CDU,CDU,37.2,22.9,14.300000000000004
